Model,Základní tón,Dur-Moll,Tercie,Trojzvuk,Septima,Čtyřzvuk
Logistická regrese,0.639720826068219,0.5779322198779162,0.5773063697757709,0.5627430305759767,0.4764177575283089,0.4603094898217244
CNN,0.744641699240346,0.7128931523777131,0.709950861907412,0.69498087281387,0.6138967024973103,0.593799616627572
CR2,0.7465963600743605,0.7124776394976136,0.7103945186562594,0.6960138865885381,0.6084592849482459,0.5898527789415337
BTC,0.7304847158884152,0.6945378572551448,0.691841497940012,0.67803793477871,0.591520047225006,0.5728334614926034
