Model,Čas (s)
Logistická regrese,0.27801656927213586
CNN,1.7902685776
CR2,0.026132203188171423
BTC,0.023897480931262944
